"","estimate","se","tval","df","pval","ci.lb","ci.ub","term"
"1",0.225361600254187,0.231038104940799,0.975430439545606,100,0.331700530716353,-0.233011419642013,0.683734620150387,"veg_climateclosed_Cold"
"2",0.0178531143268604,0.192046461569678,0.09296247471023,100,0.926119365273734,-0.363161595660609,0.39886782431433,"veg_climateclosed_Temperate"
"3",-0.128507579248281,0.232818666896922,-0.551964243078398,100,0.582204314510034,-0.590413183352396,0.333398024855834,"veg_climateopen_Arid"
"4",0.866091806495192,0.375795423940339,2.30468960322597,100,0.0232512834689457,0.120524388606077,1.61165922438431,"veg_climateopen_Tropical"
"5",0.225361600254187,0.231038104940799,0.975430439545606,100,0.331700530716353,-0.233011419642013,0.683734620150387,"veg_climateclosed_Cold1"
"6",0.0178531143268604,0.192046461569678,0.09296247471023,100,0.926119365273734,-0.363161595660609,0.39886782431433,"veg_climateclosed_Temperate1"
"7",-0.128507579248281,0.232818666896922,-0.551964243078398,100,0.582204314510034,-0.590413183352396,0.333398024855834,"veg_climateopen_Arid1"
"8",0.866091806495192,0.375795423940339,2.30468960322597,100,0.0232512834689457,0.120524388606077,1.61165922438431,"veg_climateopen_Tropical1"
