"","estimate","se","tval","df","pval","ci.lb","ci.ub","term"
"1",0.269108271261362,0.238592076526842,1.12790112387109,99,0.262087758689568,-0.204310171497401,0.742526714020126,"veg_climateclosed_Cold"
"2",0.00820485887447396,0.201156144699676,0.0407885072898158,99,0.967546647725783,-0.390932573354393,0.407342291103341,"veg_climateclosed_Temperate"
"3",-0.12183163904401,0.237801432206986,-0.512325085317257,99,0.609564616131828,-0.593681271940641,0.350017993852621,"veg_climateopen_Arid"
"4",0.852712240001304,0.369896298221613,2.30527378646657,99,0.023238395698129,0.118757734740914,1.58666674526169,"veg_climateopen_Tropical"
"5",0.269108271261362,0.238592076526842,1.12790112387109,99,0.262087758689568,-0.204310171497401,0.742526714020126,"veg_climateclosed_Cold1"
"6",0.00820485887447396,0.201156144699676,0.0407885072898158,99,0.967546647725783,-0.390932573354393,0.407342291103341,"veg_climateclosed_Temperate1"
"7",-0.12183163904401,0.237801432206986,-0.512325085317257,99,0.609564616131828,-0.593681271940641,0.350017993852621,"veg_climateopen_Arid1"
"8",0.852712240001304,0.369896298221613,2.30527378646657,99,0.023238395698129,0.118757734740914,1.58666674526169,"veg_climateopen_Tropical1"
